Workbook
Name Slicer_Month: #N/A
Name Slicer_Product: #N/A
Name Slicer_Region: #N/A
Name Slicer_Sales_Person: #N/A

Sheet Dashboard
A1: TOTAL SALES | B1: =SUM(Table1[Revenue]) -> 43125000
A2: TOTAL TARGET | B2: =SUM(Table1[[#All],[Target]]) -> 42976807
A3: ACHIEVEMENT % | B3: =B1/B2 -> 1.0034482
A4: TOP REGION | B4: =INDEX(Table1[[#All],[Region]],MATCH(MAX(Table1[[#All],[Revenue]]),Table1[[#All],[Revenue]],0)) -> West

Sheet  Reports
A3: Region | B3: Sum of Revenue
A4: East | B4: 11485000
A5: North | B5: 8385000
A6: South | B6: 11720000
A7: West | B7: 11535000
A8: Grand Total | B8: 43125000
A11: Product | B11: Sum of Revenue
A12: Laptop | B12: 20300000
A13: Mobile | B13: 8800000
A14: Printer | B14: 5175000
A15: Tablet | B15: 8850000
A16: Grand Total | B16: 43125000
A19: Month | B19: Sum of Revenue
A20: Jan | B20: 3375000
A21: Feb | B21: 4370000
A22: Mar | B22: 4595000
A23: Apr | B23: 4635000
A24: May | B24: 4505000
A25: Jun | B25: 4790000
A26: Jul | B26: 4960000
A27: Aug | B27: 3365000
A28: Sep | B28: 4620000
A29: Oct | B29: 3910000
A30: Grand Total | B30: 43125000
A33: Sales Person | B33: Sum of Revenue | C33: Sum of Target
A34: Amit | B34: 7110000 | C34: 7134373
A35: Neha | B35: 9480000 | C35: 9330366
A36: Priya | B36: 8720000 | C36: 8781845
A37: Rahul | B37: 9245000 | C37: 9185134
A38: Rohit | B38: 8570000 | C38: 8545089
A39: Grand Total | B39: 43125000 | C39: 42976807

Sheet Sales_Data
A1: Date | B1: Region | C1: Sales Person | D1: Product | E1: Category | F1: Price | G1: Units Sold | H1: Revenue | I1: Target | J1: Month | K1: Year | L1: Achieved % | M1: Arrow Indicator
A2: 45292 | B2: West | C2: Rahul | D2: Laptop | E2: =VLOOKUP(Table1[[#This Row],[Product]],Master!A:C,2,FALSE) -> Electronics | F2: =VLOOKUP(Table1[[#This Row],[Product]],Master!A:C,3,FALSE) -> 50000 | G2: 6 | H2: 300000 | I2: 301243 | J2: =TEXT(Table1[[#This Row],[Date]],"mmm") -> Jan | K2: =YEAR(Table1[[#This Row],[Date]]) -> 2024 | L2: =Table1[[#This Row],[Revenue]]/Table1[[#This Row],[Target]] -> 0.99587376 | M2: =IF(Table1[[#This Row],[Achieved %]]>1,"▲","▼") -> ▼
A3: 45293 | B3: East | C3: Amit | D3: Printer | E3: =VLOOKUP(Table1[[#This Row],[Product]],Master!A:C,2,FALSE) -> Office | F3: =VLOOKUP(Table1[[#This Row],[Product]],Master!A:C,3,FALSE) -> 15000 | G3: 6 | H3: 90000 | I3: 84935 | J3: =TEXT(Table1[[#This Row],[Date]],"mmm") -> Jan | K3: =YEAR(Table1[[#This Row],[Date]]) -> 2024 | L3: =Table1[[#This Row],[Revenue]]/Table1[[#This Row],[Target]] -> 1.0596338 | M3: =IF(Table1[[#This Row],[Achieved %]]>1,"▲","▼") -> ▲
A4: 45294 | B4: West | C4: Amit | D4: Laptop | E4: =VLOOKUP(Table1[[#This Row],[Product]],Master!A:C,2,FALSE) -> Electronics | F4: =VLOOKUP(Table1[[#This Row],[Product]],Master!A:C,3,FALSE) -> 50000 | G4: 2 | H4: 100000 | I4: 112230 | J4: =TEXT(Table1[[#This Row],[Date]],"mmm") -> Jan | K4: =YEAR(Table1[[#This Row],[Date]]) -> 2024 | L4: =Table1[[#This Row],[Revenue]]/Table1[[#This Row],[Target]] -> 0.89102735 | M4: =IF(Table1[[#This Row],[Achieved %]]>1,"▲","▼") -> ▼
A5: 45295 | B5: South | C5: Amit | D5: Mobile | E5: =VLOOKUP(Table1[[#This Row],[Product]],Master!A:C,2,FALSE) -> Electronics | F5: =VLOOKUP(Table1[[#This Row],[Product]],Master!A:C,3,FALSE) -> 20000 | G5: 6 | H5: 120000 | I5: 116921 | J5: =TEXT(Table1[[#This Row],[Date]],"mmm") -> Jan | K5: =YEAR(Table1[[#This Row],[Date]]) -> 2024 | L5: =Table1[[#This Row],[Revenue]]/Table1[[#This Row],[Target]] -> 1.026334 | M5: =IF(Table1[[#This Row],[Achieved %]]>1,"▲","▼") -> ▲
A6: 45296 | B6: North | C6: Neha | D6: Mobile | E6: =VLOOKUP(Table1[[#This Row],[Product]],Master!A:C,2,FALSE) -> Electronics | F6: =VLOOKUP(Table1[[#This Row],[Product]],Master!A:C,3,FALSE) -> 20000 | G6: 5 | H6: 100000 | I6: 82163 | J6: =TEXT(Table1[[#This Row],[Date]],"mmm") -> Jan | K6: =YEAR(Table1[[#This Row],[Date]]) -> 2024 | L6: =Table1[[#This Row],[Revenue]]/Table1[[#This Row],[Target]] -> 1.2170929 | M6: =IF(Table1[[#This Row],[Achieved %]]>1,"▲","▼") -> ▲
A7: 45297 | B7: North | C7: Rahul | D7: Mobile | E7: =VLOOKUP(Table1[[#This Row],[Product]],Master!A:C,2,FALSE) -> Electronics | F7: =VLOOKUP(Table1[[#This Row],[Product]],Master!A:C,3,FALSE) -> 20000 | G7: 1 | H7: 20000 | I7: 24675 | J7: =TEXT(Table1[[#This Row],[Date]],"mmm") -> Jan | K7: =YEAR(Table1[[#This Row],[Date]]) -> 2024 | L7: =Table1[[#This Row],[Revenue]]/Table1[[#This Row],[Target]] -> 0.81053698 | M7: =IF(Table1[[#This Row],[Achieved %]]>1,"▲","▼") -> ▼
A8: 45298 | B8: East | C8: Amit | D8: Printer | E8: =VLOOKUP(Table1[[#This Row],[Product]],Master!A:C,2,FALSE) -> Office | F8: =VLOOKUP(Table1[[#This Row],[Product]],Master!A:C,3,FALSE) -> 15000 | G8: 4 | H8: 60000 | I8: 43219 | J8: =TEXT(Table1[[#This Row],[Date]],"mmm") -> Jan | K8: =YEAR(Table1[[#This Row],[Date]]) -> 2024 | L8: =Table1[[#This Row],[Revenue]]/Table1[[#This Row],[Target]] -> 1.3882783 | M8: =IF(Table1[[#This Row],[Achieved %]]>1,"▲","▼") -> ▲
A9: 45299 | B9: West | C9: Neha | D9: Mobile | E9: =VLOOKUP(Table1[[#This Row],[Product]],Master!A:C,2,FALSE) -> Electronics | F9: =VLOOKUP(Table1[[#This Row],[Product]],Master!A:C,3,FALSE) -> 20000 | G9: 1 | H9: 20000 | I9: 18676 | J9: =TEXT(Table1[[#This Row],[Date]],"mmm") -> Jan | K9: =YEAR(Table1[[#This Row],[Date]]) -> 2024 | L9: =Table1[[#This Row],[Revenue]]/Table1[[#This Row],[Target]] -> 1.0708931 | M9: =IF(Table1[[#This Row],[Achieved %]]>1,"▲","▼") -> ▲
A10: 45300 | B10: North | C10: Priya | D10: Tablet | E10: =VLOOKUP(Table1[[#This Row],[Product]],Master!A:C,2,FALSE) -> Electronics | F10: =VLOOKUP(Table1[[#This Row],[Product]],Master!A:C,3,FALSE) -> 30000 | G10: 3 | H10: 90000 | I10: 87591 | J10: =TEXT(Table1[[#This Row],[Date]],"mmm") -> Jan | K10: =YEAR(Table1[[#This Row],[Date]]) -> 2024 | L10: =Table1[[#This Row],[Revenue]]/Table1[[#This Row],[Target]] -> 1.0275028 | M10: =IF(Table1[[#This Row],[Achieved %]]>1,"▲","▼") -> ▲
A11: 45301 | B11: South | C11: Amit | D11: Laptop | E11: =VLOOKUP(Table1[[#This Row],[Product]],Master!A:C,2,FALSE) -> Electronics | F11: =VLOOKUP(Table1[[#This Row],[Product]],Master!A:C,3,FALSE) -> 50000 | G11: 1 | H11: 50000 | I11: 53605 | J11: =TEXT(Table1[[#This Row],[Date]],"mmm") -> Jan | K11: =YEAR(Table1[[#This Row],[Date]]) -> 2024 | L11: =Table1[[#This Row],[Revenue]]/Table1[[#This Row],[Target]] -> 0.93274881 | M11: =IF(Table1[[#This Row],[Achieved %]]>1,"▲","▼") -> ▼
A12: 45302 | B12: North | C12: Rahul | D12: Laptop | E12: =VLOOKUP(Table1[[#This Row],[Product]],Master!A:C,2,FALSE) -> Electronics | F12: =VLOOKUP(Table1[[#This Row],[Product]],Master!A:C,3,FALSE) -> 50000 | G12: 2 | H12: 100000 | I12: 111055 | J12: =TEXT(Table1[[#This Row],[Date]],"mmm") -> Jan | K12: =YEAR(Table1[[#This Row],[Date]]) -> 2024 | L12: =Table1[[#This Row],[Revenue]]/Table1[[#This Row],[Target]] -> 0.90045473 | M12: =IF(Table1[[#This Row],[Achieved %]]>1,"▲","▼") -> ▼
A13: 45303 | B13: South | C13: Rahul | D13: Tablet | E13: =VLOOKUP(Table1[[#This Row],[Product]],Master!A:C,2,FALSE) -> Electronics | F13: =VLOOKUP(Table1[[#This Row],[Product]],Master!A:C,3,FALSE) -> 30000 | G13: 9 | H13: 270000 | I13: 270737 | J13: =TEXT(Table1[[#This Row],[Date]],"mmm") -> Jan | K13: =YEAR(Table1[[#This Row],[Date]]) -> 2024 | L13: =Table1[[#This Row],[Revenue]]/Table1[[#This Row],[Target]] -> 0.9972778 | M13: =IF(Table1[[#This Row],[Achieved %]]>1,"▲","▼") -> ▼
... A301: 45591 | B301: South | C301: Priya | D301: Tablet | E301: =VLOOKUP(Table1[[#This Row],[Product]],Master!A:C,2,FALSE) -> Electronics | F301: =VLOOKUP(Table1[[#This Row],[Product]],Master!A:C,3,FALSE) -> 30000 | G301: 9 | H301: 270000 | I301: 265469 | J301: =TEXT(Table1[[#This Row],[Date]],"mmm") -> Oct | K301: =YEAR(Table1[[#This Row],[Date]]) -> 2024 | L301: =Table1[[#This Row],[Revenue]]/Table1[[#This Row],[Target]] -> 1.0170679 | M301: =IF(Table1[[#This Row],[Achieved %]]>1,"▲","▼") -> ▲

Sheet Master
A1: Product | B1: Category | C1: Price
A2: Laptop | B2: Electronics | C2: 50000
A3: Mobile | B3: Electronics | C3: 20000
A4: Tablet | B4: Electronics | C4: 30000
A5: Printer | B5: Office | C5: 15000
